Timestamp,ibi (ms)
11:17:43.032695,821.0
11:17:44.113970,789.0
11:17:45.074092,798.0
11:17:46.033941,792.0
11:17:46.188873,801.0
11:17:47.052654,807.0
11:17:48.073807,779.0
11:17:50.053262,829.0
11:17:51.132931,817.0
11:17:51.230530,1598.0
11:17:52.034067,818.0
11:17:53.053907,800.0
11:17:54.073511,800.0
11:17:54.170619,788.0
11:17:55.041769,766.0
11:17:56.059317,739.0
11:17:57.073911,753.0
11:17:58.092966,754.0
11:17:58.180404,789.0
11:17:59.052989,791.0
11:18:00.073408,827.0
11:18:01.033553,836.0
11:18:02.054332,818.0
11:18:02.143619,829.0
11:18:03.133897,859.0
11:18:04.034532,852.0
11:18:05.052787,861.0
11:18:06.073871,860.0
11:18:07.033751,835.0
11:18:08.266664,863.0
11:18:08.352228,888.0
11:18:09.253859,880.0
11:18:10.243463,811.0
11:18:11.233245,807.0
11:18:12.224374,806.0
11:18:12.316547,778.0
11:18:13.226500,792.0
11:18:14.203922,804.0
11:18:15.194178,813.0
11:18:16.184833,779.0
11:18:18.184443,510.0
11:18:18.274402,1131.0
11:18:18.275405,831.0
11:18:20.143945,798.0
11:18:20.143945,805.0
11:18:20.314561,787.0
11:18:21.133764,743.0
11:18:22.124175,764.0
11:18:23.113552,769.0
11:18:24.106236,796.0
11:18:24.194149,780.0
11:18:25.093774,793.0
11:18:26.083846,817.0
11:18:27.074230,795.0
11:18:27.172052,791.0
11:18:28.064168,786.0
11:18:28.152824,647.0
11:18:30.044325,902.0
11:18:31.034737,785.0
11:18:31.132500,785.0
11:18:32.024514,767.0
11:18:33.509007,770.0
11:18:34.499753,770.0
11:18:34.600947,768.0
11:18:35.488990,763.0
11:18:36.479116,756.0
11:18:37.469109,756.0
11:18:38.458950,772.0
11:18:38.549374,779.0
11:18:39.453253,785.0
11:18:40.440143,803.0
11:18:41.431175,789.0
11:18:42.419465,808.0
11:18:42.515183,813.0
11:18:43.409111,789.0
11:18:44.398962,790.0
11:18:45.389251,776.0
11:18:45.483362,770.0
11:18:46.379555,752.0
11:18:47.369834,768.0
11:18:48.360278,753.0
11:18:48.456380,740.0
11:18:49.349541,755.0
11:18:50.339318,771.0
11:18:51.329804,773.0
11:18:52.319429,804.0
11:18:52.474078,814.0
11:18:53.309366,791.0
11:18:54.304672,795.0
11:18:54.398080,761.0
11:18:54.498124,587.0
11:18:55.291412,465.0
11:18:56.282497,407.0
11:18:57.269462,692.0
11:18:57.377030,684.0
11:18:58.259556,695.0
11:18:59.249337,721.0
11:19:00.239517,765.0
11:19:01.228995,833.0
11:19:02.220106,887.0
11:19:03.209262,892.0
11:19:03.300059,917.0
11:19:04.213614,914.0
11:19:05.189728,880.0
11:19:06.180630,813.0
11:19:07.170395,798.0
11:19:07.269366,769.0
11:19:09.150169,753.0
11:19:09.150169,750.0
11:19:10.140658,736.0
11:19:10.235451,732.0
11:19:11.130488,774.0
11:19:12.125586,809.0
11:19:13.109582,895.0
11:19:14.099939,924.0
11:19:15.089870,885.0
11:19:16.080588,898.0
11:19:17.070268,871.0
11:19:17.167938,825.0
11:19:18.060748,822.0
11:19:19.049924,767.0
11:19:20.040696,771.0
11:19:20.135783,762.0
11:19:21.031801,737.0
11:19:22.020528,750.0
11:19:22.113671,753.0
11:19:23.505002,503.0
11:19:23.594798,283.0
11:19:24.495996,809.0
11:19:25.484966,808.0
11:19:26.971102,862.0
11:19:27.465862,876.0
11:19:28.456290,838.0
11:19:29.465017,841.0
11:19:29.565416,838.0
11:19:30.435055,792.0
11:19:31.425196,804.0
11:19:33.405995,811.0
11:19:33.405995,783.0
11:19:33.498282,786.0
11:19:34.396717,772.0
11:19:35.386189,773.0
11:19:36.375083,771.0
11:19:36.474612,770.0
11:19:37.365068,770.0
11:19:38.356353,816.0
11:19:39.345643,821.0
11:19:40.335247,852.0
11:19:41.325740,879.0
11:19:41.448161,867.0
11:19:42.315424,853.0
11:19:43.306150,837.0
11:19:44.307380,803.0
11:19:45.285563,774.0
11:19:45.379377,766.0
11:19:46.275286,753.0
11:19:47.265643,752.0
11:19:48.257432,721.0
11:19:48.365291,744.0
11:19:49.245894,730.0
11:19:50.235641,730.0
11:19:50.336592,751.0
11:19:51.225963,730.0
11:19:52.215684,740.0
11:19:53.205651,746.0
11:19:54.195786,757.0
11:19:54.288777,753.0
11:19:55.219584,755.0
11:19:57.166406,791.0
11:19:57.166406,815.0
11:19:59.147407,820.0
11:19:59.249275,809.0
11:19:59.249275,785.0
11:20:00.135727,785.0
11:20:01.126530,769.0
11:20:01.220760,778.0
11:20:02.115572,791.0
11:20:03.105601,814.0
11:20:04.096030,836.0
11:20:05.085646,826.0
11:20:06.076176,856.0
11:20:07.065661,861.0
11:20:07.160817,854.0
11:20:08.056278,862.0
11:20:10.035330,836.0
11:20:10.125668,815.0
11:20:11.051813,1493.0
11:20:12.511669,738.0
11:20:13.501323,709.0
11:20:13.600956,687.0
11:20:14.491577,707.0
11:20:15.484226,726.0
11:20:15.579550,771.0
11:20:16.471942,859.0
11:20:17.460677,595.0
11:20:18.462678,325.0
11:20:18.574466,908.0
11:20:19.441071,914.0
11:20:20.431503,880.0
11:20:21.421103,849.0
11:20:22.412284,812.0
11:20:22.510348,787.0
11:20:23.400599,787.0
11:20:24.392089,755.0
11:20:25.381091,793.0
11:20:26.371122,852.0
11:20:27.361101,884.0
11:20:27.465748,943.0
11:20:28.351167,861.0
11:20:30.331613,1034.0
11:20:30.425517,884.0
11:20:31.321237,840.0
11:20:32.311919,833.0
11:20:33.311819,812.0
11:20:34.292643,805.0
11:20:34.394320,803.0
11:20:35.777299,764.0
11:20:36.271299,779.0
11:20:37.261873,804.0
11:20:38.251641,779.0
11:20:38.350859,796.0
11:20:39.241652,788.0
11:20:40.231380,771.0
11:20:41.232172,780.0
11:20:41.330299,780.0
11:20:42.210574,782.0
11:20:43.201869,771.0
11:20:44.192435,768.0
11:20:45.181324,793.0
11:20:45.275218,827.0
11:20:47.161852,812.0
11:20:47.161852,887.0
11:20:49.143617,870.0
11:20:49.143617,862.0
11:20:51.122506,810.0
11:20:51.123510,821.0
11:20:51.222532,817.0
11:20:52.112269,796.0
11:20:53.101254,788.0
11:20:54.092396,768.0
11:20:54.191396,754.0
11:20:55.081525,753.0
11:20:56.072777,751.0
11:20:57.071357,746.0
11:20:58.549023,797.0
11:20:58.643280,869.0
11:20:59.041651,904.0
11:21:00.042714,892.0
11:21:01.021462,919.0
11:21:02.509316,859.0
11:21:03.992681,866.0
11:21:04.487867,810.0
11:21:04.579409,804.0
11:21:05.477481,791.0
11:21:06.467832,782.0
11:21:07.457211,759.0
11:21:07.560314,725.0
11:21:08.447149,754.0
11:21:09.436913,738.0
11:21:10.426928,745.0
11:21:11.416818,823.0
11:21:12.408665,941.0
11:21:13.397595,990.0
11:21:15.376948,1010.0
11:21:15.378048,892.0
11:21:15.473215,916.0
11:21:16.367745,868.0
11:21:17.357976,845.0
11:21:18.842686,827.0
11:21:19.338025,831.0
11:21:19.436305,842.0
11:21:20.328192,833.0
11:21:21.316867,856.0
11:21:22.307820,849.0
11:21:23.298166,864.0
11:21:24.287746,865.0
11:21:25.277790,834.0
11:21:25.369841,845.0
11:21:26.267699,846.0
11:21:27.258250,818.0
11:21:28.247266,823.0
11:21:28.341002,792.0
11:21:29.238084,753.0
11:21:30.227335,726.0
11:21:31.217012,785.0
11:21:32.207632,757.0
11:21:32.294386,791.0
11:21:33.197270,820.0
11:21:34.187438,811.0
11:21:35.177419,786.0
11:21:37.158070,786.0
11:21:37.250508,786.0
11:21:37.249592,783.0
11:21:38.147457,788.0
11:21:39.137470,799.0
11:21:40.127476,798.0
11:21:40.238599,792.0
11:21:42.108237,795.0
11:21:42.108237,791.0
11:21:43.097442,792.0
11:21:44.088036,819.0
11:21:44.181147,827.0
11:21:45.076897,834.0
11:21:46.067713,799.0
11:21:47.079352,792.0
11:21:48.048176,785.0
11:21:48.150316,775.0
11:21:49.536301,783.0
11:21:50.028361,788.0
11:21:51.513066,783.0
11:21:52.503224,812.0
11:21:52.607184,846.0
11:21:53.492532,846.0
11:21:54.482671,871.0
11:21:55.968248,845.0
11:21:56.462772,847.0
11:21:57.452801,829.0
11:21:57.548133,795.0
11:21:58.443790,768.0
11:21:59.432887,750.0
11:22:00.423858,746.0
11:22:00.521697,731.0
11:22:01.413385,722.0
11:22:02.402520,739.0
11:22:03.392889,743.0
11:22:03.493887,778.0
11:22:04.382834,797.0
11:22:05.373254,856.0
11:22:06.363623,864.0
11:22:07.352918,858.0
11:22:08.343717,845.0
11:22:08.443251,820.0
11:22:09.333725,809.0
11:22:10.324349,798.0
11:22:11.312890,773.0
11:22:12.312632,784.0
11:22:12.415699,784.0
11:22:13.293605,772.0
11:22:14.283128,796.0
11:22:15.273646,819.0
11:22:16.263242,826.0
11:22:17.253175,880.0
11:22:18.247281,891.0
11:22:18.346516,887.0
11:22:19.233628,885.0
11:22:20.229192,842.0
11:22:21.213763,811.0
11:22:21.318353,790.0
11:22:22.206628,753.0
11:22:23.194114,759.0
11:22:24.184347,766.0
11:22:25.173849,792.0
11:22:27.153195,853.0
11:22:27.153195,1046.0
11:22:28.143357,1006.0
11:22:30.123562,987.0
11:22:30.124581,990.0
11:22:31.113494,947.0
11:22:31.224868,873.0
11:22:32.104246,862.0
11:22:33.093161,851.0
11:22:34.083474,869.0
11:22:35.073803,850.0
11:22:36.063900,835.0
11:22:36.156811,815.0
11:22:37.055406,819.0
11:22:38.043199,817.0
11:22:39.042633,810.0
11:22:40.023718,813.0
11:22:40.123240,790.0
11:22:41.508962,806.0
11:22:42.498669,811.0
11:22:43.489391,885.0
11:22:44.478681,847.0
11:22:45.469202,882.0
11:22:46.458715,869.0
11:22:46.553098,838.0
11:22:47.448721,836.0
11:22:48.444033,801.0
11:22:49.429317,786.0
11:22:50.418889,772.0
11:22:50.510753,775.0
11:22:51.408798,784.0
11:22:52.399184,792.0
11:22:53.389286,815.0
11:22:55.957796,817.0
11:22:55.957796,833.0
11:22:56.145447,828.0
11:22:56.359919,786.0
11:22:57.348867,791.0
11:22:57.441354,778.0
11:22:58.338932,750.0
11:22:59.329271,758.0
11:23:00.318966,761.0
11:23:01.309754,756.0
11:23:01.403253,787.0
11:23:02.299000,801.0
11:23:03.290862,777.0
11:23:04.278950,785.0
11:23:04.391639,790.0
11:23:05.269922,762.0
11:23:06.259808,772.0
11:23:07.248899,783.0
11:23:08.734134,777.0
11:23:08.832490,784.0
11:23:09.229244,789.0
11:23:10.219639,782.0
11:23:11.209948,793.0
11:23:12.204954,789.0
11:23:12.307342,761.0
11:23:13.189744,769.0
11:23:14.179203,758.0
11:23:16.159430,759.0
11:23:16.160327,750.0
11:23:16.260017,757.0
11:23:18.139710,759.0
11:23:18.139710,770.0
11:23:18.325619,744.0
11:23:19.129299,754.0
11:23:20.119745,772.0
11:23:21.109369,734.0
11:23:21.212595,758.0
11:23:22.594122,774.0
11:23:23.089226,755.0
11:23:24.088568,779.0
11:23:24.190611,769.0
11:23:25.070829,754.0
11:23:26.059417,753.0
11:23:27.052630,739.0
11:23:27.152048,758.0
11:23:28.535551,786.0
11:23:29.033133,779.0
11:23:30.520591,783.0
11:23:31.505150,781.0
11:23:31.625285,765.0
11:23:32.494549,763.0
11:23:33.485296,748.0
11:23:33.577635,735.0
11:23:34.475175,727.0
11:23:35.464566,722.0
11:23:36.454644,715.0
11:23:36.552977,747.0
11:23:37.445187,779.0
11:23:38.435645,802.0
11:23:39.424749,824.0
11:23:40.415013,861.0
11:23:41.404645,824.0
11:23:41.561204,847.0
11:23:42.395046,791.0
11:23:43.387689,774.0
11:23:44.375315,740.0
11:23:44.474065,721.0
11:23:46.359589,708.0
11:23:46.479087,704.0
11:23:47.344815,712.0
11:23:47.446504,718.0
11:23:48.337224,791.0
11:23:49.324814,850.0
11:23:50.315890,883.0
11:23:51.304866,1031.0
11:23:52.295841,952.0
11:23:53.293564,938.0
11:23:54.274864,946.0
11:23:55.264877,871.0
11:23:55.366485,855.0
11:23:56.254914,813.0
11:23:57.246805,788.0
11:23:58.235817,762.0
11:23:58.330861,744.0
11:24:00.223748,765.0
11:24:00.224760,772.0
11:24:01.209009,769.0
11:24:02.194999,788.0
11:24:02.298946,785.0
11:24:03.185118,795.0
11:24:04.175554,806.0
11:24:06.156015,809.0
11:24:06.156015,806.0
11:24:06.253081,809.0
11:24:08.134208,800.0
11:24:08.136025,790.0
11:24:09.125321,784.0
11:24:09.232405,751.0
11:24:10.115066,761.0
11:24:11.105271,755.0
11:24:12.095703,740.0
11:24:13.086096,765.0
11:24:13.192977,771.0
11:24:14.570659,762.0
11:24:15.065201,783.0
11:24:16.055198,781.0
11:24:16.152563,757.0
11:24:17.045435,772.0
11:24:18.037600,764.0
11:24:19.025404,742.0
11:24:19.143000,755.0
11:24:20.510876,769.0
11:24:21.501427,756.0
11:24:22.490811,787.0
11:24:22.584899,788.0
11:24:23.485071,758.0
11:24:24.475305,765.0
11:24:25.460892,747.0
11:24:25.553800,750.0
11:24:26.451022,746.0
11:24:27.441099,746.0
11:24:28.430624,773.0
11:24:29.420855,789.0
11:24:29.521409,816.0
11:24:30.411412,833.0
11:24:31.401882,842.0
11:24:32.391425,839.0
11:24:33.380666,830.0
11:24:34.370499,817.0
11:24:34.464762,778.0
11:24:35.360690,782.0
11:24:36.351041,764.0
11:24:37.342333,747.0
11:24:37.436150,756.0
11:24:38.330843,763.0
11:24:39.320958,753.0
11:24:40.311793,789.0
11:24:41.300413,835.0
11:24:41.390556,819.0
11:24:42.292024,855.0
11:24:43.280646,854.0
11:24:44.270882,821.0
11:24:45.260491,798.0
11:24:45.359218,768.0
11:24:46.250637,736.0
11:24:47.240940,721.0
11:24:48.230972,768.0
11:24:48.333973,765.0
11:24:49.224764,786.0
11:24:50.212020,802.0
11:24:51.202009,795.0
11:24:52.191086,784.0
11:24:52.286849,773.0
11:24:53.181248,756.0
11:24:54.170700,745.0
11:24:56.151562,751.0
11:24:56.247809,759.0
11:24:56.652500,752.0
11:24:57.141103,777.0
11:24:58.132121,767.0
11:24:58.228476,767.0
11:24:59.121218,752.0
11:25:00.110920,742.0
11:25:01.101622,748.0
11:25:01.202665,750.0
11:25:02.091921,756.0
11:25:03.082206,767.0
11:25:04.072607,780.0
11:25:05.061855,799.0
11:25:05.176372,794.0
11:25:06.051275,798.0
11:25:07.041533,795.0
11:25:08.031324,786.0
11:25:08.135916,773.0
11:25:09.021359,759.0
11:25:10.506741,723.0
11:25:11.496882,730.0
11:25:11.600323,725.0
11:25:12.486402,709.0
11:25:13.476415,732.0
11:25:14.468027,753.0
11:25:14.587396,781.0
11:25:15.456906,815.0
11:25:16.446453,864.0
11:25:17.436794,853.0
11:25:18.427692,873.0
11:25:19.435533,869.0
11:25:20.407072,823.0
11:25:20.517556,821.0
11:25:21.396553,807.0
11:25:22.388237,762.0
11:25:23.376504,769.0
11:25:23.496649,762.0
11:25:24.366510,744.0
11:25:25.356692,774.0
11:25:26.346522,807.0
11:25:27.341750,822.0
11:25:28.331690,934.0
11:25:29.316706,882.0
11:25:29.424558,950.0
11:25:30.306794,895.0
11:25:31.296971,866.0
11:25:32.286745,828.0
11:25:33.277885,779.0
11:25:33.369126,776.0
11:25:34.267322,743.0
11:25:35.256969,728.0
11:25:36.247869,740.0
11:25:36.349351,742.0
11:25:37.236945,741.0
11:25:38.227268,756.0
11:25:39.216978,799.0
11:25:40.207591,790.0
11:25:40.303138,799.0
11:25:41.228702,822.0
11:25:42.186481,821.0
11:25:43.176793,815.0
11:25:45.157804,790.0
11:25:45.157804,776.0
11:25:45.252000,775.0
11:25:47.137194,777.0
11:25:47.138204,760.0
11:25:47.316287,782.0
11:25:48.127804,795.0
11:25:49.117269,786.0
11:25:50.106873,771.0
11:25:50.209253,765.0
11:25:51.097400,746.0
11:25:52.087724,755.0
11:25:53.085701,747.0
11:25:53.210731,731.0
11:25:54.067457,732.0
11:25:55.057179,737.0
11:25:56.046776,743.0
11:25:56.144757,748.0
11:25:57.040170,764.0
11:25:58.027369,796.0
11:25:59.512640,788.0
11:26:00.502119,806.0
11:26:00.596876,801.0
11:26:01.492194,788.0
11:26:02.481874,789.0
11:26:03.472209,784.0
11:26:04.464756,773.0
11:26:04.578270,769.0
11:26:05.453352,773.0
11:26:06.442282,787.0
11:26:07.436513,790.0
11:26:08.423529,810.0
11:26:08.518169,830.0
11:26:09.414324,839.0
11:26:10.403449,835.0
11:26:11.392458,817.0
11:26:12.382491,811.0
11:26:12.473712,776.0
11:26:13.372371,777.0
11:26:14.362967,770.0
11:26:15.352628,743.0
11:26:15.443922,756.0
11:26:16.342806,766.0
11:26:17.332633,754.0
11:26:18.342043,772.0
11:26:18.439558,786.0
11:26:19.315576,771.0
11:26:20.304053,777.0
11:26:21.292657,783.0
11:26:22.282582,789.0
11:26:22.376275,765.0
11:26:23.273530,760.0
11:26:24.264850,762.0
11:26:25.253084,748.0
11:26:25.348767,740.0
11:26:26.242377,711.0
11:26:27.232851,714.0
11:26:27.374499,701.0
11:26:28.222271,692.0
11:26:29.212853,697.0
11:26:30.202862,748.0
11:26:31.193288,837.0
11:26:31.293910,804.0
11:26:32.183583,836.0
11:26:33.172874,848.0
11:26:35.153629,824.0
11:26:35.261290,803.0
11:26:35.348355,767.0
11:26:37.133279,765.0
11:26:37.133279,745.0
11:26:37.316292,716.0
11:26:38.122823,730.0
11:26:39.113825,729.0
11:26:40.106982,707.0
11:26:40.206356,716.0
11:26:41.093081,715.0
11:26:42.082816,701.0
11:26:43.073055,733.0
11:26:43.184304,755.0
11:26:45.053133,780.0
11:26:45.153312,808.0
11:26:46.043099,781.0
11:26:46.138374,807.0
11:26:47.033337,761.0
11:26:48.024108,760.0
11:26:49.507943,725.0
11:26:49.601141,698.0
11:26:50.502232,697.0
11:26:51.489211,697.0
11:26:51.581097,691.0
11:26:52.479216,703.0
11:26:53.468991,725.0
11:26:54.458751,819.0
11:26:55.448279,843.0
11:26:56.439813,828.0
11:26:56.534044,841.0
11:26:57.444540,869.0
11:26:58.418175,824.0
11:26:59.408315,819.0
11:27:00.398392,819.0
11:27:00.521660,791.0
11:27:01.388374,752.0
11:27:02.378634,745.0
11:27:03.368893,739.0
11:27:03.462370,741.0
11:27:04.359256,750.0
11:27:05.358163,733.0
11:27:05.454900,734.0
11:27:06.339053,730.0
11:27:07.329121,714.0
11:27:08.318631,721.0
11:27:08.405660,740.0
11:27:09.308296,765.0
11:27:10.299929,777.0
11:27:11.288176,804.0
11:27:12.278633,803.0
11:27:12.370032,768.0
11:27:13.272661,761.0
11:27:14.258161,746.0
11:27:15.248840,735.0
11:27:15.360831,719.0
11:27:16.238878,704.0
11:27:17.228838,715.0
11:27:18.220944,739.0
11:27:18.315285,760.0
11:27:19.209638,776.0
11:27:20.200070,863.0
11:27:21.683750,890.0
11:27:22.178674,862.0
11:27:23.169101,843.0
11:27:23.259236,813.0
11:27:25.148935,768.0
11:27:25.148935,748.0
11:27:25.332369,726.0
11:27:26.138752,707.0
11:27:27.128808,708.0
11:27:28.119204,723.0
11:27:29.108973,774.0
11:27:29.223763,775.0
11:27:30.099098,828.0
11:27:31.089007,835.0
11:27:32.079219,832.0
11:27:33.073511,862.0
11:27:33.168235,853.0
11:27:34.059186,791.0
11:27:35.048965,777.0
11:27:36.040132,824.0
11:27:38.020116,776.0
11:27:38.111640,750.0
11:27:38.513899,744.0
11:27:39.504363,771.0
11:27:40.493903,773.0
11:27:40.585721,756.0
11:27:41.483933,771.0
11:27:42.474461,756.0
11:27:43.472041,749.0
11:27:43.566935,742.0
11:27:44.454503,744.0
11:27:45.444438,744.0
11:27:46.434724,747.0
11:27:46.543371,748.0
11:27:47.424106,758.0
11:27:48.414141,757.0
11:27:49.404297,749.0
11:27:49.504893,742.0
11:27:50.394046,731.0
11:27:51.384013,712.0
11:27:51.476448,717.0
11:27:52.373887,712.0
11:27:53.364226,709.0
11:27:54.365792,734.0
11:27:55.348292,792.0
11:27:56.334333,831.0
11:27:56.435461,845.0
11:27:57.324175,868.0
11:27:58.314309,820.0
11:27:59.304795,802.0
11:27:59.405164,787.0
11:28:00.294027,761.0
11:28:01.284370,744.0
11:28:02.274785,724.0
11:28:02.394966,722.0
11:28:03.264593,715.0
11:28:04.254416,723.0
11:28:05.244331,745.0
11:28:05.349218,741.0
11:28:06.235433,748.0
11:28:07.224870,742.0
11:28:07.314578,741.0
11:28:08.214235,744.0
11:28:09.699249,748.0
11:28:10.194500,715.0
11:28:10.286812,714.0
11:28:11.184219,694.0
11:28:12.175628,668.0
11:28:12.270775,684.0
11:28:13.164324,677.0
11:28:15.144801,690.0
11:28:15.144801,727.0
11:28:16.160521,794.0
11:28:16.251214,838.0
11:28:17.619727,846.0
11:28:18.114831,863.0
11:28:19.104832,817.0
11:28:20.094526,801.0
11:28:20.186568,789.0
11:28:21.084831,761.0
11:28:22.074892,746.0
11:28:22.172654,736.0
11:28:23.064849,730.0
11:28:24.055600,725.0
11:28:25.044900,712.0
11:28:25.145567,709.0
11:28:27.025889,720.0
11:28:27.025889,747.0
11:28:28.510901,764.0
11:28:29.994981,834.0
11:28:30.490677,843.0
11:28:30.581034,837.0
11:28:31.479613,825.0
11:28:32.469706,811.0
11:28:33.461683,784.0
11:28:33.559082,771.0
11:28:34.451604,749.0
11:28:35.440126,740.0
11:28:36.429847,736.0
11:28:36.536209,723.0
11:28:37.420259,720.0
11:28:38.410354,738.0
11:28:39.400125,738.0
11:28:39.492929,743.0
11:28:40.390689,759.0
11:28:41.380021,789.0
11:28:42.369844,792.0
11:28:42.460857,811.0
11:28:43.359758,793.0
11:28:44.349611,787.0
11:28:45.340660,784.0
11:28:45.438006,752.0
11:28:46.329787,746.0
11:28:47.320208,735.0
11:28:48.310015,716.0
11:28:48.400365,717.0
11:28:49.299883,718.0
11:28:50.290056,718.0
11:28:52.269928,729.0
11:28:52.270928,753.0
11:28:52.362214,743.0
11:28:53.259767,760.0
11:28:54.250288,790.0
11:28:54.340286,785.0
11:28:55.239771,780.0
11:28:56.230250,776.0
11:28:57.220096,747.0
11:28:57.317367,733.0
11:28:58.210867,721.0
11:28:59.200408,698.0
11:28:59.293335,700.0
11:29:00.190280,701.0
11:29:01.180572,706.0
11:29:02.170475,719.0
11:29:02.270735,743.0
11:29:04.150412,766.0
11:29:04.151362,770.0
11:29:06.130122,777.0
11:29:06.131126,771.0
11:29:06.307648,814.0
11:29:07.120610,788.0
11:29:08.110161,756.0
11:29:09.100566,743.0
11:29:09.190056,740.0
11:29:10.090304,718.0
11:29:11.080644,716.0
11:29:11.170886,717.0
11:29:12.070619,709.0
11:29:13.060461,716.0
11:29:14.050452,732.0
11:29:14.142454,742.0
11:29:15.040681,754.0
11:29:16.031205,769.0
11:29:17.516207,783.0
11:29:17.610316,775.0
11:29:18.506601,770.0
11:29:19.496052,746.0
11:29:20.485227,730.0
11:29:20.582845,709.0
11:29:21.475749,683.0
11:29:22.466186,674.0
11:29:22.557340,680.0
11:29:23.458097,681.0
11:29:24.445229,698.0
11:29:24.554415,719.0
11:29:25.437818,741.0
11:29:26.425357,721.0
11:29:27.415693,727.0
11:29:27.550811,712.0
11:29:28.406296,710.0
11:29:29.395684,710.0
11:29:29.486730,707.0
11:29:30.386393,709.0
11:29:31.375996,706.0
11:29:32.365323,698.0
11:29:32.460306,705.0
11:29:33.356724,703.0
11:29:34.345769,698.0
11:29:34.438769,693.0
11:29:35.335984,704.0
11:29:36.325764,729.0
11:29:37.317522,786.0
11:29:38.305595,809.0
11:29:39.296548,845.0
11:29:39.390486,886.0
11:29:40.285956,868.0
11:29:41.771053,850.0
11:29:42.266582,833.0
11:29:43.256562,784.0
11:29:43.363810,759.0
11:29:44.245834,731.0
11:29:45.236520,709.0
11:29:45.327097,696.0
11:29:46.225912,686.0
11:29:47.215571,675.0
11:29:47.309936,693.0
11:29:48.206679,721.0
11:29:49.196363,755.0
11:29:50.186822,770.0
11:29:51.176581,797.0
11:29:51.271993,793.0
11:29:52.172069,772.0
11:29:54.147277,763.0
11:29:54.147277,742.0
11:29:54.357827,719.0
11:29:55.631392,709.0
11:29:56.126392,698.0
11:29:56.234632,699.0
11:29:57.116922,704.0
11:29:58.107872,714.0
11:29:59.096440,717.0
11:29:59.202938,738.0
11:30:00.086362,737.0
11:30:01.076497,749.0
11:30:02.562594,753.0
11:30:02.667093,751.0
11:30:03.056563,743.0
11:30:04.046579,737.0
11:30:04.140133,730.0
11:30:05.037532,713.0
11:30:06.026680,706.0
11:30:06.123311,693.0
11:30:07.512675,675.0
11:30:08.502176,684.0
11:30:09.491588,684.0
11:30:09.588889,691.0
11:30:10.977800,715.0
11:30:11.472631,759.0
11:30:12.461797,783.0
11:30:12.569646,789.0
11:30:13.455798,798.0
11:30:14.442707,784.0
11:30:15.439662,765.0
11:30:15.534976,745.0
11:30:16.422978,709.0
11:30:17.412181,705.0
11:30:17.508770,692.0
11:30:18.401884,679.0
11:30:19.391934,689.0
11:30:20.382937,709.0
11:30:20.480292,729.0
11:30:21.373393,755.0
11:30:22.362167,784.0
11:30:23.352639,768.0
11:30:23.448145,763.0
11:30:24.342003,756.0
11:30:25.332261,755.0
11:30:26.334994,742.0
11:30:26.459675,748.0
11:30:27.315538,730.0
11:30:28.302091,723.0
11:30:29.292093,712.0
11:30:29.417770,709.0
11:30:30.285884,706.0
11:30:31.272526,707.0
11:30:31.368489,709.0
11:30:32.263028,710.0
11:30:33.256152,723.0
11:30:34.243269,747.0
11:30:34.343941,761.0
11:30:35.233176,777.0
11:30:36.222224,783.0
11:30:37.213450,769.0
11:30:37.328018,762.0
11:30:38.204064,750.0
11:30:39.192721,729.0
11:30:40.185151,713.0
11:30:40.293395,699.0
11:30:41.171829,681.0
11:30:42.163562,699.0
11:30:43.154731,722.0
11:30:43.262029,783.0
11:30:45.133453,803.0
11:30:45.627587,795.0
11:30:46.122289,808.0
11:30:46.222516,801.0
11:30:47.112892,757.0
11:30:48.102229,744.0
11:30:49.093156,731.0
11:30:49.207601,705.0
11:30:50.082352,680.0
11:30:51.072493,694.0
11:30:51.175538,687.0
11:30:52.062686,687.0
11:30:52.159993,744.0
11:30:53.052490,561.0
11:30:54.043762,940.0
11:30:55.032602,787.0
11:30:56.518548,786.0
11:30:57.507604,783.0
11:30:59.488685,759.0
11:30:59.587557,762.0
11:30:59.586082,766.0
11:31:00.477654,749.0
11:31:00.581204,733.0
11:31:01.468373,717.0
11:31:02.457730,712.0
11:31:03.447627,718.0
11:31:03.539835,713.0
11:31:04.438135,728.0
11:31:05.429187,744.0
11:31:06.418258,784.0
11:31:07.407515,810.0
11:31:08.398133,878.0
11:31:08.549310,843.0
11:31:09.387967,834.0
11:31:10.379699,804.0
11:31:11.862590,767.0
11:31:11.962960,751.0
11:31:12.357914,744.0
11:31:13.347549,719.0
11:31:14.337852,736.0
11:31:14.442161,758.0
11:31:15.327908,746.0
11:31:16.318475,769.0
11:31:17.307975,796.0
11:31:17.416184,774.0
11:31:18.297952,781.0
11:31:19.292272,764.0
11:31:20.278470,758.0
11:31:20.380001,753.0
11:31:21.269748,751.0
11:31:23.247990,737.0
11:31:23.743088,754.0
11:31:23.836221,767.0
11:31:24.237527,755.0
11:31:25.228077,784.0
11:31:26.217999,786.0
11:31:26.311915,763.0
11:31:27.211697,759.0
11:31:28.198159,753.0
11:31:29.188154,729.0
11:31:29.290197,745.0
11:31:30.177918,754.0
11:31:31.170127,751.0
11:31:33.147795,764.0
11:31:33.645009,765.0
11:31:33.744064,756.0
11:31:34.138083,778.0
11:31:35.128197,777.0
11:31:36.119683,748.0
11:31:36.271047,750.0
11:31:37.108210,741.0
11:31:38.098542,718.0
11:31:39.087921,743.0
11:31:39.193965,755.0
11:31:40.078710,752.0
11:31:41.068912,766.0
11:31:42.062102,773.0
11:31:42.155894,758.0
11:31:43.055709,767.0
11:31:44.038384,779.0
11:31:45.028606,756.0
11:31:45.131908,751.0
11:31:46.514637,743.0
11:31:47.503351,716.0
11:31:47.599111,722.0
11:31:48.494471,730.0
11:31:49.978410,732.0
11:31:50.474345,746.0
11:31:50.570071,746.0
11:31:51.468806,746.0
11:31:52.458554,741.0
11:31:53.443485,705.0
11:31:53.552875,738.0
11:31:54.434554,727.0
11:31:55.424596,720.0
11:31:56.413818,709.0
11:31:56.519178,709.0
11:31:57.405648,724.0
11:31:58.393919,766.0
11:31:59.385445,829.0
11:31:59.487020,873.0
11:31:59.573430,551.0
11:32:00.374763,273.0
11:32:00.472683,266.0
11:32:01.363810,521.0
11:32:02.354756,788.0
11:32:03.346932,756.0
11:32:03.460153,723.0
11:32:04.335422,722.0
11:32:05.323263,703.0
11:32:05.417275,694.0
11:32:06.325605,692.0
11:32:07.310686,696.0
11:32:07.414056,691.0
11:32:08.788741,685.0
11:32:09.288845,712.0
11:32:10.273858,720.0
11:32:10.373362,728.0
11:32:11.266629,798.0
11:32:12.254711,804.0
11:32:13.244450,795.0
11:32:14.236291,795.0
11:32:14.331264,782.0
11:32:15.223634,743.0
11:32:16.215234,739.0
11:32:16.312289,714.0
11:32:17.203994,697.0
11:32:18.194352,699.0
11:32:18.299261,684.0
11:32:19.184067,667.0
11:32:20.173818,674.0
11:32:21.164828,671.0
11:32:21.262978,674.0
11:32:22.154067,740.0
11:32:24.139675,785.0
11:32:24.250647,794.0
11:32:25.124705,817.0
11:32:25.228987,790.0
11:32:26.114885,761.0
11:32:27.108153,765.0
11:32:27.211642,741.0
11:32:28.095183,737.0
11:32:29.087211,712.0
11:32:30.075766,685.0
11:32:30.178486,690.0
11:32:31.067345,681.0
11:32:32.062084,664.0
11:32:32.189897,682.0
11:32:33.046491,675.0
11:32:34.035282,682.0
11:32:34.143800,708.0
11:32:35.025368,718.0
11:32:36.509087,709.0
11:32:36.608546,712.0
11:32:37.501915,707.0
11:32:39.483408,685.0
11:32:39.484409,704.0
11:32:39.673397,703.0
11:32:40.469486,691.0
11:32:41.459614,724.0
11:32:41.555984,718.0
11:32:42.452737,694.0
11:32:43.439292,709.0
11:32:43.533966,698.0
11:32:44.430377,673.0
11:32:45.433160,697.0
11:32:46.411240,693.0
11:32:46.523811,680.0
11:32:47.400515,694.0
11:32:48.395141,695.0
11:32:48.494166,697.0
11:32:49.379625,713.0
11:32:50.369651,729.0
11:32:51.360660,718.0
11:32:51.456981,734.0
11:32:52.349482,726.0
11:32:53.339734,707.0
11:32:53.432157,724.0
11:32:54.329314,709.0
11:32:55.320449,687.0
11:32:55.415810,710.0
11:32:56.310698,700.0
11:32:57.299712,690.0
11:32:58.289673,714.0
11:32:58.397227,720.0
11:32:59.279867,725.0
11:33:00.269832,718.0
11:33:01.259885,704.0
11:33:01.369681,784.0
11:33:02.249565,768.0
11:33:03.240872,767.0
11:33:04.230727,733.0
11:33:04.336163,732.0
11:33:06.210372,729.0
11:33:06.210372,714.0
11:33:06.394099,718.0
11:33:07.199331,706.0
11:33:08.190397,710.0
11:33:09.179851,761.0
11:33:09.284381,756.0
11:33:10.169828,749.0
11:33:11.159935,762.0
11:33:12.150275,813.0
11:33:14.131637,842.0
11:33:14.131637,836.0
11:33:15.121856,882.0
11:33:15.223462,888.0
11:33:16.110327,846.0
11:33:17.100152,844.0
11:33:18.092315,823.0
11:33:19.082647,785.0
11:33:19.182725,779.0
11:33:20.070079,771.0
11:33:21.060545,739.0
11:33:22.050864,760.0
11:33:22.146782,773.0
11:33:23.057357,762.0
11:33:24.031221,792.0
11:33:25.515786,814.0
11:33:26.506108,822.0
11:33:26.601631,825.0
11:33:27.496197,802.0
11:33:28.485125,795.0
11:33:29.476297,795.0
11:33:29.578594,761.0
11:33:31.456049,763.0
11:33:31.457049,763.0
11:33:32.447034,750.0
11:33:33.434898,764.0
11:33:33.536179,775.0
11:33:34.426129,774.0
11:33:35.415622,780.0
11:33:36.406270,787.0
11:33:36.501638,775.0
11:33:37.395812,770.0
11:33:38.394497,741.0
11:33:39.375583,737.0
11:33:39.481434,727.0
11:33:40.366069,719.0
11:33:41.356629,726.0
11:33:42.349657,742.0
11:33:42.464742,753.0
11:33:43.337217,762.0
11:33:44.325751,795.0
11:33:45.316592,824.0
11:33:46.305409,834.0
11:33:46.408864,843.0
11:33:47.296722,802.0
11:33:48.285880,782.0
11:33:49.275475,751.0
11:33:49.387500,716.0
11:33:50.266992,727.0
11:33:51.256646,736.0
11:33:52.264478,752.0
11:33:53.235922,787.0
11:33:53.343880,839.0
11:33:54.225646,853.0
11:33:55.216631,872.0
11:33:56.205824,861.0
11:33:57.195818,830.0
11:33:58.186662,811.0
11:33:58.292753,781.0
11:33:59.175642,755.0
11:34:00.169720,738.0
11:34:00.261421,732.0
11:34:02.146808,727.0
11:34:02.147810,729.0
11:34:04.125917,740.0
11:34:04.126930,740.0
11:34:04.320931,716.0
11:34:05.116353,747.0
11:34:06.108528,750.0
11:34:06.213226,751.0
11:34:07.103097,756.0
11:34:08.086877,746.0
11:34:09.076043,750.0
11:34:09.176383,741.0
11:34:10.066241,720.0
11:34:11.055886,703.0
11:34:11.152206,695.0
11:34:12.047196,693.0
11:34:13.037089,679.0
11:34:13.131225,696.0
11:34:14.027026,710.0
11:34:15.513460,719.0
11:34:16.501654,731.0
11:34:16.601963,733.0
11:34:17.491822,736.0
11:34:18.491663,717.0
11:34:18.585359,714.0
11:34:19.471134,704.0
11:34:20.466765,695.0
11:34:21.451158,690.0
11:34:21.554702,690.0
11:34:22.444009,671.0
11:34:23.435501,673.0
11:34:23.532844,676.0
11:34:24.421229,669.0
11:34:25.411620,676.0
11:34:25.505315,687.0
11:34:26.414480,706.0
11:34:27.391309,704.0
11:34:28.382036,710.0
11:34:28.483526,726.0
11:34:29.371290,739.0
11:34:30.362275,745.0
11:34:30.463681,750.0
11:34:31.352324,736.0
11:34:32.342487,730.0
11:34:33.331774,730.0
11:34:33.440657,711.0
11:34:34.320992,710.0
11:34:35.311587,705.0
11:34:35.412054,701.0
11:34:36.302293,694.0
11:34:37.291485,695.0
11:34:38.281391,718.0
11:34:38.375658,743.0
11:34:39.271480,744.0
11:34:40.261997,718.0
11:34:40.358106,724.0
11:34:41.251826,719.0
11:34:42.245558,717.0
11:34:43.231820,734.0
11:34:43.344970,719.0
11:34:44.221714,740.0
11:34:45.211594,750.0
11:34:46.201634,775.0
11:34:47.191809,844.0
11:34:47.287765,851.0
11:34:49.171888,799.0
11:34:49.171888,776.0
11:34:50.161268,752.0
11:34:50.266545,731.0
11:34:52.142333,715.0
11:34:52.292206,710.0
11:34:52.382699,703.0
11:34:54.122233,707.0
11:34:54.223185,721.0
11:34:55.116200,728.0
11:34:55.237211,720.0
11:34:56.102112,728.0
11:34:57.092305,721.0
11:34:58.081786,720.0
11:34:58.181366,749.0
11:34:59.071665,759.0
11:35:00.062097,791.0
11:35:01.052351,844.0
11:35:02.043200,819.0
11:35:02.142289,796.0
11:35:03.031754,788.0
11:35:04.517029,761.0
11:35:05.506740,743.0
11:35:05.607080,727.0
11:35:06.497982,713.0
11:35:07.487230,696.0
11:35:07.584463,701.0
11:35:08.477270,712.0
11:35:09.467012,726.0
11:35:10.459843,713.0
11:35:10.560798,721.0
11:35:11.451814,731.0
11:35:12.437190,742.0
11:35:13.427069,758.0
11:35:13.527589,755.0
11:35:14.417086,780.0
11:35:15.406899,810.0
11:35:16.397461,800.0
11:35:17.387219,792.0
11:35:17.492306,796.0
11:35:18.376988,766.0
11:35:19.367199,748.0
11:35:20.358110,730.0
11:35:20.460104,720.0
11:35:21.347207,712.0
11:35:22.357848,709.0
11:35:22.456488,708.0
11:35:23.327017,693.0
11:35:24.317213,717.0
11:35:25.307283,724.0
11:35:25.429475,764.0
11:35:26.297153,774.0
11:35:27.287919,789.0
11:35:28.277739,795.0
11:35:29.267241,810.0
11:35:29.368554,811.0
11:35:30.260342,830.0
11:35:31.247367,807.0
11:35:32.237354,805.0
11:35:32.395254,784.0
11:35:33.227419,746.0
11:35:34.217848,743.0
11:35:35.209433,732.0
11:35:35.327740,720.0
11:35:36.198476,748.0
11:35:37.188513,774.0
11:35:38.178174,796.0
11:35:39.167539,819.0
11:35:40.158101,849.0
11:35:40.258541,871.0
11:35:42.138398,829.0
11:35:42.138398,802.0
11:35:43.134374,749.0
11:35:43.257974,738.0
11:35:44.117504,715.0
11:35:45.109737,690.0
11:35:45.213895,686.0
11:35:46.097696,676.0
11:35:47.090212,658.0
11:35:47.185535,672.0
11:35:48.077599,687.0
11:35:49.075866,702.0
11:35:50.059161,730.0
11:35:50.166722,752.0
11:35:51.052742,785.0
11:35:52.038737,793.0
11:35:53.027275,804.0
11:35:53.144786,762.0
11:35:54.514803,751.0
11:35:55.502735,733.0
11:35:56.493043,709.0
11:35:56.587302,697.0
11:35:57.483605,684.0
11:35:58.473043,663.0
11:35:58.580081,661.0
11:35:59.463780,661.0
11:36:00.453112,663.0
11:36:00.551943,688.0
11:36:01.442909,752.0
11:36:02.432871,759.0
11:36:03.423491,752.0
11:36:03.577549,755.0
11:36:04.412815,753.0
11:36:05.402890,744.0
11:36:06.392768,749.0
11:36:06.495341,748.0
11:36:07.383222,738.0
11:36:08.374405,752.0
11:36:09.362991,753.0
11:36:09.466656,745.0
11:36:10.352974,763.0
11:36:11.342951,755.0
11:36:12.332951,739.0
11:36:12.459892,728.0
11:36:13.325247,724.0
11:36:14.313137,716.0
11:36:14.417845,706.0
11:36:15.305330,704.0
11:36:16.292717,721.0
11:36:17.283237,718.0
11:36:17.377035,735.0
11:36:18.273191,746.0
11:36:19.263304,726.0
11:36:20.253247,736.0
11:36:20.381378,738.0
11:36:21.247252,741.0
11:36:22.233323,737.0
11:36:23.224255,735.0
11:36:23.327182,738.0
11:36:24.213735,724.0
11:36:25.203426,739.0
11:36:25.300370,728.0
11:36:26.193727,706.0
11:36:27.183703,706.0
11:36:28.173314,701.0
11:36:28.268857,687.0
11:36:29.164394,705.0
11:36:30.153922,699.0
11:36:30.303275,694.0
11:36:32.135063,714.0
11:36:32.134063,702.0
11:36:33.123366,725.0
11:36:33.223267,729.0
11:36:34.114349,750.0
11:36:35.104116,759.0
11:36:35.203323,740.0
11:36:36.093909,735.0
11:36:37.084824,717.0
11:36:38.075343,712.0
11:36:38.173565,690.0
11:36:39.064573,678.0
11:36:40.053575,671.0
11:36:40.146499,670.0
11:36:41.051492,672.0
11:36:42.035997,669.0
11:36:42.132519,678.0
11:36:43.024439,702.0
11:36:44.508737,690.0
11:36:45.498843,687.0
11:36:45.603508,753.0
11:36:46.489839,750.0
11:36:47.478597,748.0
11:36:47.569603,727.0
11:36:48.468822,717.0
11:36:49.459129,695.0
11:36:49.554916,688.0
11:36:50.449073,696.0
11:36:51.438786,718.0
11:36:52.429283,749.0
11:36:53.419504,798.0
11:36:55.399770,865.0
11:36:55.399770,860.0
11:36:55.584162,876.0
11:36:56.390878,920.0
11:36:57.380027,872.0
11:36:58.368726,886.0
11:36:59.358933,874.0
11:37:00.349931,835.0
11:37:00.448224,849.0
11:37:01.339924,829.0
11:37:02.329626,810.0
11:37:03.319090,787.0
11:37:04.309392,772.0
11:37:04.441456,757.0
11:37:05.299034,755.0
11:37:06.288911,759.0
11:37:07.279121,773.0
11:37:08.268878,782.0
11:37:08.370744,798.0
11:37:09.259249,814.0
11:37:10.249128,783.0
11:37:11.239851,768.0
11:37:11.336461,746.0
11:37:12.229273,745.0
11:37:13.219170,759.0
11:37:14.208703,758.0
11:37:14.313107,798.0
11:37:15.199010,842.0
11:37:16.189702,801.0
11:37:17.180263,806.0
11:37:18.170147,799.0
11:37:18.265889,790.0
11:37:19.159387,750.0
11:37:21.139691,739.0
11:37:21.140691,704.0
11:37:21.237902,722.0
11:37:23.120026,707.0
11:37:23.614255,731.0
11:37:24.109649,774.0
11:37:24.218768,794.0
11:37:25.100042,835.0
11:37:26.089068,828.0
11:37:27.079466,799.0
11:37:27.179982,772.0
11:37:28.070302,735.0
11:37:29.059425,737.0
11:37:30.050489,724.0
11:37:30.155687,709.0
11:37:31.039834,730.0
11:37:32.029467,760.0
11:37:33.515087,758.0
11:37:33.617319,760.0
11:37:34.505469,771.0
11:37:35.494580,770.0
11:37:36.484753,750.0
11:37:36.593766,736.0
11:37:37.474415,734.0
11:37:38.465173,726.0
11:37:38.566297,698.0
11:37:39.456974,698.0
11:37:40.444683,691.0
11:37:41.436636,691.0
11:37:41.550141,692.0
11:37:42.424600,696.0
11:37:44.405742,680.0
11:37:44.405742,716.0
11:37:44.597745,778.0
11:37:45.394610,815.0
11:37:46.385835,883.0
11:37:47.374669,903.0
11:37:48.365442,854.0
11:37:49.354944,862.0
11:37:49.459289,788.0
11:37:50.344860,765.0
11:37:51.335961,730.0
11:37:51.437846,703.0
11:37:52.324918,677.0
11:37:53.315793,678.0
11:37:53.411188,671.0
11:37:54.305457,660.0
11:37:55.294883,691.0
11:37:56.286811,725.0
11:37:56.397784,732.0
11:37:57.275153,759.0
11:37:58.265957,776.0
11:37:59.257097,766.0
11:37:59.363897,774.0
11:38:00.245833,765.0
11:38:01.235618,742.0
11:38:02.231882,732.0
11:38:02.340771,730.0
11:38:03.215196,725.0
11:38:04.205803,729.0
11:38:05.195080,740.0
11:38:05.296717,756.0
11:38:06.186384,754.0
11:38:07.175170,760.0
11:38:08.165129,729.0
11:38:08.274956,725.0
11:38:10.145668,714.0
11:38:10.146667,701.0
11:38:10.332982,691.0
11:38:12.133056,695.0
11:38:12.135052,701.0
11:38:13.115636,704.0
11:38:13.237509,748.0
11:38:14.105485,760.0
11:38:15.096254,740.0
11:38:15.204556,739.0
11:38:16.086218,733.0
11:38:17.075637,713.0
11:38:18.065937,704.0
11:38:18.167385,698.0
11:38:19.055321,689.0
11:38:20.045924,685.0
11:38:20.148643,700.0
11:38:21.036235,714.0
11:38:22.025809,709.0
11:38:23.511412,736.0
11:38:23.610234,771.0
11:38:24.500892,783.0
11:38:25.519016,816.0
11:38:26.480389,821.0
11:38:27.470850,782.0
11:38:27.570027,774.0
11:38:28.460399,746.0
11:38:29.450681,724.0
11:38:29.552460,708.0
11:38:30.441117,696.0
11:38:31.431082,683.0
11:38:31.529020,696.0
11:38:32.421227,704.0
11:38:33.411048,707.0
11:38:34.401666,718.0
11:38:34.509054,745.0
11:38:35.390441,754.0
11:38:36.380376,743.0
11:38:37.373781,744.0
11:38:37.472423,728.0
11:38:38.364194,714.0
11:38:39.352732,707.0
11:38:39.451352,696.0
11:38:40.340689,683.0
11:38:41.330671,683.0
11:38:42.320639,690.0
11:38:42.444551,691.0
11:38:43.311739,701.0
11:38:44.303821,737.0
11:38:45.291826,783.0
11:38:45.403087,792.0
11:38:46.281128,828.0
11:38:47.271805,815.0
11:38:48.261343,782.0
11:38:48.358344,758.0
11:38:49.251844,730.0
11:38:50.241732,700.0
11:38:50.346554,687.0
11:38:51.230868,677.0
11:38:52.223697,671.0
11:38:52.325893,675.0
11:38:53.210726,685.0
11:38:54.202950,695.0
11:38:55.191820,707.0
11:38:56.181428,756.0
11:38:56.335373,786.0
11:38:57.174615,811.0
11:38:58.161978,890.0
11:38:59.150956,885.0
11:39:01.131978,834.0
11:39:01.131978,760.0
11:39:01.227564,808.0
11:39:02.121626,756.0
11:39:03.112095,731.0
11:39:03.214429,708.0
11:39:04.100871,730.0
11:39:05.091884,741.0
11:39:06.576451,743.0
11:39:07.071923,771.0
11:39:07.167891,816.0
11:39:08.062152,811.0
11:39:09.052875,839.0
11:39:10.042223,834.0
11:39:11.031318,802.0
11:39:11.135321,792.0
11:39:12.517364,761.0
11:39:14.001211,754.0
11:39:14.111410,737.0
11:39:14.496376,710.0
11:39:15.486837,725.0
11:39:16.476460,726.0
11:39:17.466915,713.0
11:39:18.456208,721.0
11:39:18.554353,1382.0
11:39:19.447355,698.0
11:39:20.436382,717.0
11:39:21.427102,718.0
11:39:21.522994,736.0
11:39:22.416407,755.0
11:39:23.406391,744.0
11:39:24.397519,784.0
11:39:24.503511,775.0
11:39:26.376293,748.0
11:39:26.377292,752.0
11:39:27.372472,736.0
11:39:27.486032,721.0
11:39:28.357058,696.0
11:39:29.347706,689.0
11:39:29.443330,688.0
11:39:30.336505,709.0
11:39:31.326788,725.0
11:39:32.316922,747.0
11:39:32.413638,766.0
11:39:33.306232,759.0
11:39:34.296844,742.0
11:39:35.288371,729.0
11:39:35.385906,722.0
11:39:36.276947,718.0
11:39:37.271383,728.0
11:39:38.256181,740.0
11:39:38.355596,753.0
11:39:39.248585,762.0
11:39:40.237979,791.0
11:39:41.227094,783.0
11:39:41.323194,782.0
11:39:42.217642,770.0
11:39:43.206682,753.0
11:39:44.197013,743.0
11:39:44.294807,735.0
11:39:45.187054,724.0
11:39:46.176746,702.0
11:39:46.282468,708.0
11:39:47.171422,709.0
11:39:48.157853,708.0
11:39:50.136944,727.0
11:39:50.234768,755.0
11:39:50.327256,820.0
11:39:52.132535,833.0
11:39:52.133536,823.0
11:39:53.107963,780.0
11:39:53.211521,748.0
11:39:54.098876,727.0
11:39:55.086891,711.0
11:39:55.183162,696.0
11:39:56.076897,694.0
11:39:57.067156,695.0
11:39:58.057644,701.0
11:39:58.163355,709.0
11:39:59.047753,739.0
11:40:00.048724,768.0
11:40:01.026991,751.0
11:40:01.136927,753.0
11:40:02.511940,747.0
11:40:03.502027,736.0
11:40:04.492037,732.0
11:40:04.598463,733.0
11:40:05.481982,713.0
11:40:06.472597,717.0
11:40:06.574151,718.0
11:40:07.461694,706.0
11:40:08.470454,708.0
11:40:09.442149,715.0
11:40:09.545229,732.0
11:40:10.432606,740.0
11:40:11.422527,734.0
11:40:11.524947,737.0
11:40:12.412492,741.0
11:40:13.402246,728.0
11:40:14.392250,730.0
11:40:14.493796,720.0
11:40:15.382295,718.0
11:40:16.372585,696.0
11:40:17.362379,709.0
11:40:17.476014,700.0
11:40:18.352431,735.0
11:40:19.342299,765.0
11:40:20.333057,848.0
11:40:22.312701,880.0
11:40:22.407973,891.0
11:40:23.303772,1698.0
11:40:24.292721,813.0
11:40:24.394449,765.0
11:40:25.282513,366.0
11:40:25.385715,387.0
11:40:26.272614,717.0
11:40:27.263246,680.0
11:40:27.357076,682.0
11:40:28.252467,668.0
11:40:29.242430,655.0
11:40:30.232713,679.0
11:40:30.326955,726.0
11:40:31.223159,754.0
11:40:32.213825,798.0
11:40:33.202664,832.0
11:40:34.688145,822.0
11:40:34.785812,806.0
11:40:35.183016,775.0
11:40:36.173215,755.0
11:40:36.271209,739.0
11:40:37.163692,716.0
11:40:37.270223,713.0
11:40:38.153197,703.0
11:40:40.723780,692.0
11:40:40.725780,705.0
11:40:41.122797,724.0
11:40:41.228431,722.0
11:40:42.113395,742.0
11:40:43.597814,737.0
11:40:44.092839,723.0
11:40:44.189870,710.0
11:40:45.083502,690.0
11:40:46.073279,705.0
11:40:46.175516,698.0
11:40:47.076092,692.0
11:40:48.054236,721.0
11:40:49.043300,736.0
11:40:49.139283,740.0
11:40:50.034054,740.0
11:40:52.014396,727.0
11:40:52.114656,725.0
11:40:52.508047,716.0
11:40:53.497848,702.0
11:40:54.487761,695.0
11:40:54.583567,684.0
11:40:55.481062,687.0
11:40:56.963063,691.0
11:40:57.062348,687.0
11:40:57.458689,708.0
11:40:58.448112,703.0
11:40:58.564868,701.0
11:40:59.438121,729.0
11:41:00.923929,729.0
11:41:01.418013,725.0
11:41:01.509711,738.0
11:41:02.907724,739.0
11:41:03.398190,725.0
11:41:04.388181,728.0
11:41:04.497919,710.0
11:41:05.379206,688.0
11:41:06.368357,691.0
11:41:06.480180,675.0
11:41:07.362069,662.0
11:41:08.843812,667.0
11:41:08.995966,681.0
11:41:09.833642,694.0
11:41:10.328170,691.0
11:41:10.428191,709.0
11:41:11.318030,719.0
11:41:12.308384,707.0
11:41:13.301885,713.0
11:41:13.397027,703.0
11:41:14.288364,688.0
11:41:15.279758,693.0
11:41:15.382172,688.0
11:41:16.268329,681.0
11:41:17.258809,681.0
11:41:17.359631,677.0
11:41:18.248829,687.0
11:41:19.238594,694.0
11:41:19.333314,656.0
11:41:20.228790,767.0
11:41:21.218368,726.0
11:41:22.209162,742.0
11:41:22.305264,743.0
11:41:23.198611,726.0
11:41:24.188759,714.0
11:41:24.286560,694.0
11:41:25.179227,662.0
11:41:26.168884,667.0
11:41:26.262073,663.0
11:41:27.158802,664.0
11:41:28.149400,694.0
11:41:30.129701,696.0
11:41:30.129701,724.0
11:41:30.230696,695.0
11:41:31.119544,753.0
11:41:32.114380,769.0
11:41:33.100224,832.0
11:41:33.198249,845.0
11:41:34.089736,818.0
11:41:35.081380,792.0
11:41:36.070027,764.0
11:41:36.178874,729.0
11:41:37.059750,713.0
11:41:38.048960,690.0
11:41:38.144772,672.0
11:41:39.039766,676.0
11:41:40.028809,679.0
11:41:40.138266,669.0
11:41:41.514918,655.0
11:41:42.519428,715.0
11:41:43.495478,720.0
11:41:43.596668,745.0
11:41:43.689068,760.0
11:41:45.474809,743.0
11:41:45.571270,728.0
11:41:46.464825,728.0
11:41:47.453929,741.0
11:41:48.444886,741.0
11:41:48.542771,736.0
11:41:49.444832,731.0
11:41:50.424756,738.0
11:41:51.414502,740.0
11:41:51.512673,750.0
11:41:52.404437,770.0
11:41:53.394404,757.0
11:41:54.384387,743.0
11:41:54.486202,742.0
11:41:55.374984,727.0
11:41:56.364869,726.0
11:41:57.355111,727.0
11:41:57.457946,742.0
11:41:58.347018,747.0
11:41:59.334808,764.0
11:42:01.313773,779.0
11:42:01.314777,760.0
11:42:01.414887,758.0
11:42:02.305255,753.0
11:42:02.424201,717.0
11:42:03.295920,714.0
11:42:04.284141,697.0
11:42:05.274228,699.0
11:42:05.380840,696.0
11:42:06.267347,695.0
11:42:07.258095,681.0
11:42:07.355823,693.0
11:42:08.245752,709.0
11:42:09.235231,684.0
11:42:09.335980,699.0
11:42:10.224568,696.0
11:42:11.214977,682.0
11:42:11.315339,686.0
11:42:12.204226,678.0
11:42:13.206780,662.0
11:42:13.303946,670.0
11:42:14.184870,678.0
11:42:15.181371,677.0
11:42:16.165650,698.0
11:42:16.272981,709.0
11:42:17.650184,727.0
11:42:18.144834,735.0
11:42:20.125226,747.0
11:42:20.126431,727.0
11:42:20.217455,742.0
11:42:21.115766,723.0
11:42:21.226168,722.0
11:42:22.104832,711.0
11:42:23.095813,715.0
11:42:24.084456,723.0
11:42:24.184241,733.0
11:42:25.083321,738.0
11:42:27.055550,737.0
11:42:27.055550,750.0
11:42:27.247176,733.0
11:42:28.045023,754.0
11:42:29.034655,750.0
11:42:30.528689,733.0
11:42:30.643563,725.0
11:42:31.511414,714.0
11:42:32.503607,696.0
11:42:32.596515,683.0
11:42:33.490260,677.0
11:42:34.480318,669.0
11:42:34.575207,685.0
11:42:35.470745,687.0
11:42:36.955023,707.0
11:42:37.450406,729.0
11:42:37.552967,723.0
11:42:38.440126,731.0
11:42:39.430389,743.0
11:42:39.525658,725.0
11:42:40.420051,723.0
11:42:41.410038,744.0
11:42:42.401020,752.0
11:42:42.501407,728.0
11:42:43.389898,745.0
11:42:44.380958,761.0
11:42:45.372740,740.0
11:42:45.474091,749.0
11:42:46.359847,773.0
11:42:47.351049,746.0
11:42:48.340033,746.0
11:42:48.456483,747.0
11:42:49.330007,718.0
11:42:50.320487,714.0
11:42:50.423481,710.0
11:42:51.310658,693.0
11:42:52.300502,709.0
11:42:53.291110,720.0
11:42:53.388039,722.0
11:42:54.280013,746.0
11:42:55.270450,764.0
11:42:56.261315,769.0
11:42:57.249769,792.0
11:42:57.351515,781.0
11:42:58.240020,774.0
11:42:59.229913,746.0
11:42:59.328981,727.0
11:43:00.220247,708.0
11:43:01.211287,691.0
11:43:02.200917,695.0
11:43:02.303185,701.0
11:43:03.192725,726.0
11:43:04.180869,767.0
11:43:05.170889,821.0
11:43:06.160820,827.0
11:43:06.259696,816.0
11:43:07.150405,814.0
11:43:08.142365,809.0
11:43:10.121045,756.0
11:43:10.222933,750.0
11:43:10.223929,732.0
11:43:11.110737,706.0
11:43:11.209458,712.0
11:43:12.100419,712.0
11:43:13.092425,711.0
11:43:14.080939,705.0
11:43:14.177212,685.0
11:43:15.071058,709.0
11:43:15.175807,737.0
11:43:16.060466,760.0
11:43:17.052363,740.0
11:43:18.535531,738.0
11:43:19.031067,734.0
11:43:19.127917,719.0
11:43:20.515553,710.0
11:43:21.506633,707.0
11:43:21.617993,695.0
11:43:22.495916,687.0
11:43:23.485616,681.0
11:43:24.476910,696.0
11:43:24.587002,723.0
11:43:25.467581,762.0
11:43:26.458455,722.0
11:43:27.445480,753.0
11:43:27.562330,752.0
11:43:28.436809,805.0
11:43:29.425787,861.0
11:43:30.415519,872.0
11:43:31.407209,879.0
11:43:32.395984,894.0
11:43:33.386107,867.0
11:43:33.482826,855.0
11:43:34.377074,850.0
11:43:35.365820,789.0
11:43:36.357378,771.0
11:43:36.457639,750.0
11:43:37.345896,726.0
11:43:38.335874,743.0
11:43:39.325783,769.0
11:43:40.316885,792.0
11:43:41.321003,853.0
11:43:42.295549,917.0
11:43:42.403488,904.0
11:43:43.286861,885.0
11:43:44.275862,841.0
11:43:45.267118,782.0
11:43:45.364043,760.0
11:43:46.258176,728.0
11:43:47.246293,699.0
11:43:47.348812,696.0
11:43:48.235944,691.0
11:43:49.226121,669.0
11:43:50.216700,701.0
11:43:51.207288,741.0
11:43:51.314793,772.0
11:43:52.197108,842.0
11:43:53.190798,861.0
11:43:54.177922,886.0
11:43:55.167153,858.0
11:43:56.156380,824.0
11:43:56.256100,795.0
11:43:57.162342,762.0
11:43:59.127418,737.0
11:43:59.128414,705.0
11:43:59.223985,729.0
11:44:01.107546,706.0
11:44:01.209599,734.0
11:44:01.303891,759.0
11:44:02.096562,745.0
11:44:03.086641,743.0
11:44:04.078639,743.0
11:44:04.182280,733.0
11:44:05.067168,736.0
11:44:06.058639,737.0
11:44:06.168603,707.0
11:44:08.037284,723.0
11:44:09.030479,742.0
11:44:10.511422,1517.0
11:44:10.606583,755.0
11:44:11.501352,769.0
11:44:12.491402,822.0
11:44:13.484636,774.0
11:44:13.615001,806.0
11:44:14.473671,794.0
11:44:15.462602,781.0
11:44:17.441580,775.0
11:44:17.539271,761.0
11:44:17.631309,1487.0
11:44:18.431569,431.0
11:44:19.421564,290.0
11:44:19.521466,729.0
11:44:20.411624,737.0
11:44:21.401102,704.0
11:44:22.395562,745.0
11:44:22.509999,748.0
11:44:23.381640,749.0
11:44:24.372806,752.0
11:44:25.361715,747.0
11:44:25.476969,754.0
11:44:26.351994,750.0
11:44:27.342165,729.0
11:44:28.331993,734.0
11:44:28.436952,741.0
11:44:29.323071,715.0
11:44:30.311774,721.0
11:44:30.408763,706.0
11:44:31.302986,683.0
11:44:32.291831,690.0
11:44:32.405388,689.0
11:44:32.496265,677.0
11:44:34.766855,709.0
11:44:35.264666,741.0
11:44:36.252307,786.0
11:44:36.349030,832.0
11:44:37.245250,845.0
11:44:38.232434,866.0
11:44:39.221768,858.0
11:44:40.211941,807.0
11:44:40.316775,750.0
11:44:41.202858,748.0
11:44:42.192055,720.0
11:44:42.304090,704.0
11:44:43.183729,696.0
11:44:44.172865,690.0
11:44:45.162052,693.0
11:44:45.274661,694.0
11:44:46.152930,722.0
11:44:47.142064,731.0
11:44:49.122550,733.0
11:44:49.232374,737.0
11:44:49.233299,743.0
11:44:50.111637,733.0
11:44:50.231023,709.0
11:44:51.102352,710.0
11:44:52.092447,676.0
11:44:52.185302,677.0
11:44:53.087924,712.0
11:44:54.071891,717.0
11:44:55.062531,746.0
11:44:55.179949,756.0
11:44:56.547342,746.0
11:44:57.042837,712.0
11:44:57.133128,707.0
11:44:58.033737,693.0
11:44:59.517229,667.0
11:44:59.615586,674.0
11:45:00.508279,656.0
11:45:01.511336,645.0
11:45:01.609452,657.0
11:45:02.491969,658.0
11:45:03.478357,659.0
11:45:03.571478,673.0
11:45:04.467325,687.0
11:45:05.458000,714.0
11:45:06.447940,713.0
11:45:06.556395,719.0
11:45:07.438181,702.0
11:45:08.427691,701.0
11:45:08.527747,684.0
11:45:09.417318,673.0
11:45:10.407911,674.0
11:45:10.522485,683.0
11:45:10.616188,680.0
11:45:11.397871,362.0
11:45:12.387695,299.0
11:45:12.489019,675.0
11:45:13.378224,664.0
11:45:14.369639,664.0
11:45:14.471525,660.0
11:45:15.357546,662.0
11:45:16.347861,673.0
11:45:17.338274,704.0
11:45:17.434629,779.0
11:45:18.327611,794.0
11:45:19.317609,817.0
11:45:20.307648,857.0
11:45:21.297675,855.0
11:45:22.288941,867.0
11:45:22.394305,808.0
11:45:23.278082,795.0
11:45:24.281251,767.0
11:45:25.257955,736.0
11:45:25.360908,719.0
11:45:26.248147,705.0
11:45:27.732794,682.0
11:45:27.839860,687.0
11:45:28.227784,701.0
11:45:29.220771,689.0
11:45:29.327963,691.0
11:45:30.208303,688.0
11:45:31.199038,676.0
11:45:31.299179,678.0
11:45:32.187878,680.0
11:45:33.177840,689.0
11:45:33.284845,690.0
11:45:34.175853,681.0
11:45:35.157819,678.0
11:45:35.259077,677.0
11:45:36.148100,670.0
11:45:37.137824,661.0
11:45:37.245937,648.0
11:45:39.118862,643.0
11:45:39.118862,643.0
11:45:39.320210,655.0
11:45:40.108182,667.0
11:45:41.231240,674.0
11:45:41.320182,728.0
11:45:42.087834,788.0
11:45:43.079707,769.0
11:45:44.070334,742.0
11:45:45.058026,725.0
11:45:45.154392,699.0
11:45:45.251681,696.0
11:45:46.061629,542.0
11:45:47.038290,409.0
11:45:47.135298,1224.0
11:45:50.506911,275.0
11:45:50.608209,451.0
11:45:50.699905,2127.0
11:45:50.798866,283.0
11:45:53.480376,486.0
11:45:53.584906,772.0
11:45:53.585908,503.0
11:45:53.644598,519.0
11:45:53.698490,361.0
11:45:53.811766,481.0
